Fellow Name,Email,Cohort,Enrollment Status
Astrid Abbott,astrid.abbott@example.com,Fall 2026,Active
Ivan Ackerman,ivan.ackerman@example.com,Fall 2026,Active
Amir Acosta,amir.acosta@example.com,Fall 2026,Active
Rachel Adeyemi,rachel.adeyemi@example.com,Fall 2026,Active
Reza Ahmadi,reza.ahmadi@example.com,Fall 2026,Active
Leilani Akhtar,Leilani.Akhtar@Example.com,Fall 2026,Active
Zainab Almeida,zainab.almeida@example.com,Fall 2026,Active
Naomi Alvarez,naomi.alvarez@example.com,Fall 2026,Active
Mateo Anand,mateo.anand@example.com,Fall 2026,Active
Zoe Antonelli,zoe.antonelli@example.com,Fall 2026,Active
Alejandro Aoki,alejandro.aoki@example.com,Fall 2026,Active
Fatima Appiah,fatima.appiah@example.com,Fall 2026,Active
Camila Asante,camila.asante@example.com,Fall 2026,Active
Cedric Bakker,cedric.bakker@example.com,Fall 2026,Active
Rosa Banerjee,rosa.banerjee@example.com,Fall 2026,Active
Agnes Baptiste,agnes.baptiste@example.com,Fall 2026,Active
Callum Barlow,callum.barlow@example.com,Fall 2026,Active
Jamal Bassett,jamal.bassett@example.com,Fall 2026,Active
Carmen Bekele,carmen.bekele@example.com,Fall 2026,Active
Marcus Bell,marcus.bell@example.com,Fall 2026,Active
Blessing Bellamy,blessing.bellamy@example.com,Fall 2026,Active
Omar Bianchi,omar.bianchi@example.com,Fall 2026,Active
Damon Bishop,damon.bishop@example.com,Fall 2026,Active
Gustavo Boateng,gustavo.boateng@example.com,Fall 2026,Active
Erin Bonilla,erin.bonilla@example.com,Fall 2026,Active
Idris Bouchard,idris.bouchard@example.com,Fall 2026,Active
Olivia Bradshaw,olivia.bradshaw@example.com,Fall 2026,Active
Maya Briggs,maya.briggs@example.com,Fall 2026,Active
Natalia Buckley,natalia.buckley@example.com,Fall 2026,Active
Leilani Calloway,leilani.calloway@example.com,Fall 2026,Active
Ruth Camacho,ruth.camacho@example.com,Fall 2026,Active
Carmen Cardoso,carmen.cardoso@example.com,Fall 2026,Active
Javier Carmichael,javier.carmichael@example.com,Fall 2026,Active
Ahmed Castellanos,ahmed.castellanos@example.com,Fall 2026,Active
Abdul Cervantes,abdul.cervantes@example.com,Fall 2026,Active
Natalia Chandra,natalia.chandra@example.com,Fall 2026,Active
Javier Chen,javier.chen@example.com,Fall 2026,Active
Anika Cho,anika.cho@example.com,Fall 2026,Active
Bao Chowdhury,bao.chowdhury@example.com,Fall 2026,Active
Darius Clarke,darius.clarke@example.com,Fall 2026,Active
Gabriela Corbett,gabriela.corbett@example.com,Fall 2026,Active
Amara Cortes,amara.cortes@example.com,Fall 2026,Active
Lucia Crawford,lucia.crawford@example.com,Fall 2026,Active
Julia Crespo,julia.crespo@example.com,Fall 2026,Active
Nathan Cruz,nathan.cruz@example.com,Fall 2026,Active
Rebecca Dalton,rebecca.dalton@example.com,Fall 2026,Active
Jack Datta,jack.datta@example.com,Fall 2026,Active
Xochitl Davenport,xochitl.davenport@example.com,Fall 2026,Active
Jessica Delgado,jessica.delgado@example.com,Fall 2026,Active
Astrid Diallo,astrid.diallo@example.com,Fall 2026,Active
Naomi Dietrich,naomi.dietrich@example.com,Fall 2026,Active
Noor Dijkstra,noor.dijkstra@example.com,Fall 2026,Active
Adriana Dominguez,adriana.dominguez@example.com,Fall 2026,Active
Paulo Dorsey,paulo.dorsey@example.com,Fall 2026,Active
Alejandro Draper,alejandro.draper@example.com,Fall 2026,Active
Selam Duarte,selam.duarte@example.com,Fall 2026,Active
Ahmed Dubois,ahmed.dubois@example.com,Fall 2026,Active
Emeka Duval,emeka.duval@example.com,Fall 2026,Active
Marisol Eastman,marisol.eastman@example.com,Fall 2026,Active
Grace Eaton,grace.eaton@example.com,Fall 2026,Active
Brian Ekwueme,brian.ekwueme@example.com,Fall 2026,Active
Hugo Ellison,hugo.ellison@example.com,Fall 2026,Active
Uma Elmore,uma.elmore@example.com,Fall 2026,Active
Omar Escobar,omar.escobar@example.com,Fall 2026,Active
Hugo Fadel,hugo.fadel@example.com,Fall 2026,Active
Elias Fairbanks,elias.fairbanks@example.com,Fall 2026,Active
Aaliyah Farah,aaliyah.farah@example.com,Fall 2026,Active
Callum Faulkner,callum.faulkner@example.com,Fall 2026,Active
Tunde Fedorov,tunde.fedorov@example.com,Fall 2026,Active
Petra Ferrer,petra.ferrer@example.com,Fall 2026,Active
Rohan Fielding,rohan.fielding@example.com,Fall 2026,Active
Jamal Figueroa,jamal.figueroa@example.com,Fall 2026,Active
Wei Fischer,wei.fischer@example.com,Fall 2026,Active
Hana Fitzgerald,hana.fitzgerald@example.com,Fall 2026,Active
Lin Fleming,lin.fleming@example.com,Fall 2026,Active
Alicia Fontaine,alicia.fontaine@example.com,Fall 2026,Active
Maya Forsythe,maya.forsythe@example.com,Fall 2026,Active
Adaeze Fujimoto,adaeze.fujimoto@example.com,Fall 2026,Active
Dalia Galindo,dalia.galindo@example.com,Fall 2026,Active
Jose Gallo,jose.gallo@example.com,Fall 2026,Active
Erin Gamboa,erin.gamboa@example.com,Fall 2026,Active
Paulo Gannon,paulo.gannon@example.com,Fall 2026,Active
Nicole Garrett,nicole.garrett@example.com,Fall 2026,Active
Willa Garrison,willa.garrison@example.com,Fall 2026,Active
Ashley Gebre,ashley.gebre@example.com,Fall 2026,Active
Mina Geller,mina.geller@example.com,Fall 2026,Active
Harriet Gerhardt,harriet.gerhardt@example.com,Fall 2026,Active
David Gill,david.gill@example.com,Fall 2026,Active
Ana Godfrey,ana.godfrey@example.com,Fall 2026,Active
Carlos Grady,carlos.grady@example.com,Fall 2026,Active
Dmitri Gruber,dmitri.gruber@example.com,Fall 2026,Active
Tara Haas,tara.haas@example.com,Fall 2026,Active
Omar Haddad,omar.haddad@example.com,Fall 2026,Active
Tunde Hale,tunde.hale@example.com,Fall 2026,Active
Adam Hamdan,adam.hamdan@example.com,Fall 2026,Active
Farida Han,farida.han@example.com,Fall 2026,Active
Ryan Harmon,ryan.harmon@example.com,Fall 2026,Active
Arjun Hartley,arjun.hartley@example.com,Fall 2026,Active
Bettina Hashimoto,bettina.hashimoto@example.com,Fall 2026,Active
Cedric Hawkins,cedric.hawkins@example.com,Fall 2026,Active
Selam Hayes,selam.hayes@example.com,Fall 2026,Active
Tomas Herrera,tomas.herrera@example.com,Fall 2026,Active
Adriana Herzog,adriana.herzog@example.com,Fall 2026,Active
Daniela Hickman,daniela.hickman@example.com,Fall 2026,Active
Jasmine Hidalgo,jasmine.hidalgo@example.com,Fall 2026,Active
Arjun Hoang,arjun.hoang@example.com,Fall 2026,Active
Imani Holloway,imani.holloway@example.com,Fall 2026,Active
Vera Holt,vera.holt@example.com,Fall 2026,Active
Idris Horvath,idris.horvath@example.com,Fall 2026,Active
Aria Howell,aria.howell@example.com,Fall 2026,Active
Felix Ibarra,felix.ibarra@example.com,Fall 2026,Active
Michael Inoue,michael.inoue@example.com,Fall 2026,Active
Bilal Irwin,bilal.irwin@example.com,Fall 2026,Active
Bao Ishikawa,bao.ishikawa@example.com,Fall 2026,Active
Hassan Iwu,hassan.iwu@example.com,Fall 2026,Active
Santiago Iyer,santiago.iyer@example.com,Fall 2026,Active
Jasmine Jaffe,jasmine.jaffe@example.com,Fall 2026,Active
Anwar Jansen,anwar.jansen@example.com,Fall 2026,Active
Aaliyah Jespersen,aaliyah.jespersen@example.com,Fall 2026,Active
Tessa Joshi,tessa.joshi@example.com,Fall 2026,Active
Rafael Kagawa,rafael.kagawa@example.com,Fall 2026,Active
Oksana Kang,oksana.kang@example.com,Fall 2026,Active
Chloe Kaplan,chloe.kaplan@example.com,Fall 2026,Active
Celeste Kaufman,celeste.kaufman@example.com,Fall 2026,Active
Anwar Keller,anwar.keller@example.com,Fall 2026,Active
Elena Kennedy,elena.kennedy@example.com,Fall 2026,Active
Ben Kessler,ben.kessler@example.com,Fall 2026,Active
Marisol Kilic,marisol.kilic@example.com,Fall 2026,Active
Catalina Kirby,catalina.kirby@example.com,Fall 2026,Active
Victor Knudsen,victor.knudsen@example.com,Fall 2026,Active
Emily Kovacs,emily.kovacs@example.com,Fall 2026,Active
Rebeca Kowalsky,rebeca.kowalsky@example.com,Fall 2026,Active
Oksana Krishnan,oksana.krishnan@example.com,Fall 2026,Active
Chris Kudo,chris.kudo@example.com,Fall 2026,Active
Mohammed Lachance,mohammed.lachance@example.com,Fall 2026,Active
Mei Lam,mei.lam@example.com,Fall 2026,Active
Daniela Lambert,daniela.lambert@example.com,Fall 2026,Active
Ingrid Landry,ingrid.landry@example.com,Fall 2026,Active
Ibrahim Lindqvist,ibrahim.lindqvist@example.com,Fall 2026,Active
Deepa Lozano,deepa.lozano@example.com,Fall 2026,Active
Petra Lucero,petra.lucero@example.com,Fall 2026,Active
Brian Lund,brian.lund@example.com,Fall 2026,Active
Hana Mackenzie,hana.mackenzie@example.com,Fall 2026,Active
Yosef Magana,yosef.magana@example.com,Fall 2026,Active
Lila Maher,lila.maher@example.com,Fall 2026,Active
Jenny Mansour,jenny.mansour@example.com,Fall 2026,Active
Imani Marsden,imani.marsden@example.com,Fall 2026,Active
Deepa Matsuda,deepa.matsuda@example.com,Fall 2026,Active
Andre Mbatha,andre.mbatha@example.com,Fall 2026,Active
Desta Meadows,desta.meadows@example.com,Fall 2026,Active
Lila Melendez,lila.melendez@example.com,Fall 2026,Active
Eitan Merritt,eitan.merritt@example.com,Fall 2026,Active
Fatima Mills,fatima.mills@example.com,Fall 2026,Active
Xochitl Moloney,xochitl.moloney@example.com,Fall 2026,Active
Tara Monaghan,tara.monaghan@example.com,Fall 2026,Active
Zoe Mondal,zoe.mondal@example.com,Fall 2026,Active
Adaeze Montes,adaeze.montes@example.com,Fall 2026,Active
Tessa Moreau,tessa.moreau@example.com,Fall 2026,Active
Nadia Moriarty,nadia.moriarty@example.com,Fall 2026,Active
Camila Nakamura,camila.nakamura@example.com,Fall 2026,Active
Esther Navarro,esther.navarro@example.com,Fall 2026,Active
Felix Neal,felix.neal@example.com,Fall 2026,Active
Blessing Nesbitt,blessing.nesbitt@example.com,Fall 2026,Active
Yara Newton,yara.newton@example.com,Fall 2026,Active
Thanh Nguyen,thanh.nguyen@example.com,Fall 2026,Active
Kenji Njoku,kenji.njoku@example.com,Fall 2026,Active
Lucia Nolan,lucia.nolan@example.com,Fall 2026,Active
Darius Noor,darius.noor@example.com,Fall 2026,Active
Lin Novak,lin.novak@example.com,Fall 2026,Active
Alfonso Nwosu,alfonso.nwosu@example.com,Fall 2026,Active
Rosa Obi,rosa.obi@example.com,Fall 2026,Active
Simone Ochoa,simone.ochoa@example.com,Fall 2026,Active
Ivan Okada,ivan.okada@example.com,Fall 2026,Active
Nia Okafor,nia.okafor@example.com,Fall 2026,Active
Aiko Okonkwo,aiko.okonkwo@example.com,Fall 2026,Active
Beatriz Onyango,beatriz.onyango@example.com,Fall 2026,Active
Stefan Ortiz,stefan.ortiz@example.com,Fall 2026,Active
Victor Osei,victor.osei@example.com,Fall 2026,Active
Aria Paek,aria.paek@example.com,Fall 2026,Active
Mei Palacios,mei.palacios@example.com,Fall 2026,Active
Kavya Parisi,kavya.parisi@example.com,Fall 2026,Active
Lena Park,lena.park@example.com,Fall 2026,Active
Leo Paulsen,leo.paulsen@example.com,Fall 2026,Active
Farida Pena,farida.pena@example.com,Fall 2026,Active
Ryan Perala,ryan.perala@example.com,Fall 2026,Active
Anika Petrov,anika.petrov@example.com,Fall 2026,Active
Kira Pettersen,kira.pettersen@example.com,Fall 2026,Active
Jordan Pike,jordan.pike@example.com,Fall 2026,Active
Kwame Pineda,kwame.pineda@example.com,Fall 2026,Active
Celeste Poirier,celeste.poirier@example.com,Fall 2026,Active
Dmitri Popov,dmitri.popov@example.com,Fall 2026,Active
Sana Prieto,sana.prieto@example.com,Fall 2026,Active
Kenji Pruitt,kenji.pruitt@example.com,Fall 2026,Active
Adam Quan,adam.quan@example.com,Fall 2026,Active
Reza Quigley,reza.quigley@example.com,Fall 2026,Active
Theo Rahman,theo.rahman@example.com,Fall 2026,Active
Jose Ramirez,jose.ramirez@example.com,Fall 2026,Active
David Ramos,david.ramos@example.com,Fall 2026,Active
Priya Rangel,priya.rangel@example.com,Fall 2026,Active
Kira Ravel,kira.ravel@example.com,Fall 2026,Active
Emeka Redmond,emeka.redmond@example.com,Fall 2026,Active
Sana Reuter,sana.reuter@example.com,Fall 2026,Active
Simone Reyes,simone.reyes@example.com,Fall 2026,Active
Willa Riggs,willa.riggs@example.com,Fall 2026,Active
Emily Ripley,emily.ripley@example.com,Fall 2026,Active
Sarah Romano,sarah.romano@example.com,Fall 2026,Active
Katherine Rowe,katherine.rowe@example.com,Fall 2026,Active
Agnes Ruiz,agnes.ruiz@example.com,Fall 2026,Active
Jenny Rutledge,jenny.rutledge@example.com,Fall 2026,Active
Yara Salazar,yara.salazar@example.com,Fall 2026,Active
Amir Salter,amir.salter@example.com,Fall 2026,Active
Mike Sandoval,mike.sandoval@example.com,Fall 2026,Active
Diego Sanna,diego.sanna@example.com,Fall 2026,Active
Uma Sato,uma.sato@example.com,Fall 2026,Active
Elias Sauer,elias.sauer@example.com,Fall 2026,Active
Eitan Schmidt,eitan.schmidt@example.com,Fall 2026,Active
Chloe Segura,chloe.segura@example.com,Fall 2026,Active
Nadia Serrano,nadia.serrano@example.com,Fall 2026,Active
Priya Shah,priya.shah@example.com,Fall 2026,Active
Dalia Sherwood,dalia.sherwood@example.com,Fall 2026,Active
Bettina Snyder,bettina.snyder@example.com,Fall 2026,Active
Chris Sparks,chris.sparks@example.com,Fall 2026,Active
Jonah Spencer,jonah.spencer@example.com,Fall 2026,Active
Yosef Steele,yosef.steele@example.com,Fall 2026,Active
Harriet Sterling,harriet.sterling@example.com,Fall 2026,Active
Malik Stokes,malik.stokes@example.com,Fall 2026,Active
Isabel Strand,isabel.strand@example.com,Fall 2026,Active
Beatriz Tadesse,beatriz.tadesse@example.com,Fall 2026,Active
Yuki Tanaka,yuki.tanaka@example.com,Fall 2026,Active
Anthony Tavares,anthony.tavares@example.com,Fall 2026,Active
Kwame Thibault,kwame.thibault@example.com,Fall 2026,Active
Amara Thorne,amara.thorne@example.com,Fall 2026,Active
Damon Tilley,damon.tilley@example.com,Fall 2026,Active
Catalina Toledo,catalina.toledo@example.com,Fall 2026,Active
Ruth Tran,ruth.tran@example.com,Fall 2026,Active
Isabel Trejo,isabel.trejo@example.com,Fall 2026,Active
Noor Uddin,noor.uddin@example.com,Fall 2026,Active
Quinn Ueda,quinn.ueda@example.com,Fall 2026,Active
Kai Ulloa,kai.ulloa@example.com,Fall 2026,Active
Mina Umeh,mina.umeh@example.com,Fall 2026,Active
Gabriela Urbina,gabriela.urbina@example.com,Fall 2026,Active
Aiko Uribe,aiko.uribe@example.com,Fall 2026,Active
Sarah Vaca,sarah.vaca@example.com,Fall 2026,Active
Grace Valdez,grace.valdez@example.com,Fall 2026,Active
Sean Vargas,sean.vargas@example.com,Fall 2026,Active
Maria Vasquez,maria.vasquez@example.com,Fall 2026,Active
Luca Vega,luca.vega@example.com,Fall 2026,Active
Desta Vela,desta.vela@example.com,Fall 2026,Active
Priya Venkatesan,priya.venkatesan@example.com,Fall 2026,Active
Andre Vidal,andre.vidal@example.com,Fall 2026,Active
Theo Wade,theo.wade@example.com,Fall 2026,Active
Solomon Wahl,solomon.wahl@example.com,Fall 2026,Active
Aisha Weber,aisha.weber@example.com,Fall 2026,Active
Zainab Weiss,zainab.weiss@example.com,Fall 2026,Active
Jonah Whitaker,jonah.whitaker@example.com,Fall 2026,Active
Solomon Whitley,solomon.whitley@example.com,Fall 2026,Active
Carlos Winters,carlos.winters@example.com,Fall 2026,Active
Mohammed Woldeyes,mohammed.woldeyes@example.com,Fall 2026,Active
Thandi Wray,thandi.wray@example.com,Fall 2026,Active
Akira Wyatt,akira.wyatt@example.com,Fall 2026,Active
Kavya Xiong,kavya.xiong@example.com,Fall 2026,Active
Ingrid Yee,ingrid.yee@example.com,Fall 2026,Active
Ibrahim Yilmaz,ibrahim.yilmaz@example.com,Fall 2026,Active
Hassan York,hassan.york@example.com,Fall 2026,Active
Ashley Yoshida,ashley.yoshida@example.com,Fall 2026,Active
Aisha Younes,aisha.younes@example.com,Fall 2026,Active
Rohan Zamora,rohan.zamora@example.com,Fall 2026,Active
Alfonso Zhou,alfonso.zhou@example.com,Fall 2026,Active
Akira Zielinski,akira.zielinski@example.com,Fall 2026,Active
Julia Zuniga,julia.zuniga@example.com,Fall 2026,Active
